{
    "iptm+ptm": {
        "model_1_multimer": 0.46996290050770684,
        "model_2_multimer": 0.4878373374702741,
        "model_3_multimer": 0.4822579937744296,
        "model_4_multimer": 0.43122653679107525,
        "model_5_multimer": 0.4896408108947527
    },
    "order": [
        "model_5_multimer",
        "model_2_multimer",
        "model_3_multimer",
        "model_1_multimer",
        "model_4_multimer"
    ]
}